{
  "id": "TheVinki",
  "name": "The Vinki",
  "description": "Play as an angsty teen wearing rail-grinding shoes and spraying graffiti to enact revenge on 5P.",
  "features": {
    "custom_colors": [
        { "name" : "Body", "story": "FFFFFF", "arena": [ "FFFFFF", "FFFFFF", "FFFFFF", "FFFFFF" ] },
        { "name" : "Eyes", "story": "0E0202", "arena": [ "0E0202", "623109", "890A3B", "FFFFFF" ] }
    ],
    "select_menu_scene": "Slugcat_Vinki",
    "sleep_scene": "Sleep_Vinki",
    "select_menu_scene_ascended": "Ghost_Vinki",
    "start_room": "UW_D01",
    "thevinki/coyote_boost": 5,
    "thevinki/grind_vine_speed": 15,
    "thevinki/grind_x_speed": 7.5,
    "thevinki/grind_y_speed": 7.5,
    "thevinki/normal_x_speed": 1.3,
    "thevinki/normal_y_speed": 1.3,
    "thevinki/spark_color": "d1faff",
    "thevinki/super_jump": 1.25,
    "throw_skill": 0,
    "world_state": [ "Spear", "Red" ]
  }
}