{
	"id": "Sleep_Vinki",
	"scene_folder": "scenes/sleep - vinki",
	"images": [
		{
			"name": "flat",
			"pos": [ 700, 100 ],
			"depth": -1,
			"flatmode": true
		},
		{
			"name": "Background",
			"pos": [ 700, 100 ],
			"depth": 3.5,
			"shader": "Basic"
		},
		{
			"name": "Empty",
			"pos": [ 700, 100 ],
			"depth": 3.3,
			"shader": "Basic"
		},
		{
			"name": "Graffiti - 0",
			"pos": [ 700, 100 ],
			"depth": 3.5,
			"shader": "Basic"
		},
		{
			"name": "Grass - 0",
			"pos": [ 700, 100 ],
			"depth": 3.3,
			"shader": "Basic"
		},
		{
			"name": "SprayCans",
			"pos": [ 700, 100 ],
			"depth": 3,
			"shader": "Basic"
		},
		{
			"name": "Doodle - 0",
			"pos": [ 700, 100 ],
			"depth": 2.7,
			"shader": "Basic"
		},
		{
			"name": "VinkiSlep",
			"pos": [ 700, 100 ],
			"depth": 2.8,
			"shader": "Basic"
		},
		{
			"name": "Item - DataPearl",
			"pos": [ 700, 100 ],
			"depth": 2.7,
			"shader": "Basic"
		},
		{
			"name": "Stuff",
			"pos": [ 700, 100 ],
			"depth": 2.5,
			"shader": "Basic"
		},
		{
			"name": "Grass - 1",
			"pos": [ 700, 100 ],
			"depth": 2.0,
			"shader": "Basic"
		}
	],
	"idle_depths": [ 2.8 ],
	"slugcat_depth": 2.8
}