{
	"id": "Slugcat_Vinki",
	"scene_folder": "scenes/slugcat - vinki",
	"images": [
		{
			"name": "Flat",
			"pos": [ 70, 130 ],
			"depth": -1,
			"flatmode": true
		},
		{
			"name": "Background",
			"pos": [ 70, 130 ],
			"depth": 4.2,
			"shader": "Basic"
		},
		{
			"name": "Graffiti - 0",
			"pos": [ 70, 130 ],
			"depth": 4.2,
			"shader": "Basic"
		},
		{
			"name": "Graffiti - 1",
			"pos": [ 70, 130 ],
			"depth": 4.2,
			"shader": "Basic"
		},
		{
			"name": "Graffiti - 2",
			"pos": [ 70, 130 ],
			"depth": 4.2,
			"shader": "Basic"
		},
		{
			"name": "Graffiti - 3",
			"pos": [ 70, 130 ],
			"depth": 4.2,
			"shader": "Basic"
		},
		{
			"name": "Vinki Closed",
			"pos": [ 70, 130 ],
			"depth": 2.8,
			"shader": "Basic"
		},
		{
			"name": "Sparks",
			"pos": [ 70, 130 ],
			"depth": 2.7,
			"shader": "Basic"
		},
		{
			"name": "Overseer",
			"pos": [ 70, 130 ],
			"depth": 1.8,
			"shader": "Basic"
		}
	],
	"idle_depths": [ 2.8 ],
	"glow_pos": [688, 484],
	"mark_pos": [689, 583],
	"select_menu_pos": [0, 0],
	"slugcat_depth": 2.8
}